sample_id,image_score
air_conditioner_filter_000,0.756169
air_conditioner_filter_001,0.765032
air_conditioner_filter_002,0.757313
air_conditioner_filter_003,0.762378
air_conditioner_filter_004,0.777985
air_conditioner_filter_005,0.757748
air_conditioner_filter_006,0.756931
air_conditioner_filter_007,0.756949
air_conditioner_filter_008,0.761384
air_conditioner_filter_009,0.772103
air_conditioner_filter_010,0.757578
air_conditioner_filter_011,0.754050
air_conditioner_filter_012,0.760417
air_conditioner_filter_013,0.758977
air_conditioner_filter_014,0.755200
air_conditioner_filter_015,0.752971
air_conditioner_filter_016,0.762139
air_conditioner_filter_017,0.756990
air_conditioner_filter_018,0.758362
air_conditioner_filter_019,0.748031
air_conditioner_filter_020,0.772292
air_conditioner_filter_021,0.776150
air_conditioner_filter_022,0.757149
air_conditioner_filter_023,0.761349
air_conditioner_filter_024,0.751390
air_conditioner_filter_025,0.757798
air_conditioner_filter_026,0.755700
air_conditioner_filter_027,0.754518
air_conditioner_filter_028,0.756796
air_conditioner_filter_029,0.758997
air_conditioner_filter_030,0.759734
air_conditioner_filter_031,0.769257
air_conditioner_filter_032,0.755093
air_conditioner_filter_033,0.763041
air_conditioner_filter_034,0.759818
air_conditioner_filter_035,0.766575
air_conditioner_filter_036,0.761418
air_conditioner_filter_037,0.763182
air_conditioner_filter_038,0.765946
air_conditioner_filter_039,0.762729
air_conditioner_filter_040,0.750026
air_conditioner_filter_041,0.755452
air_conditioner_filter_042,0.754627
air_conditioner_filter_043,0.755208
air_conditioner_filter_044,0.767893
air_conditioner_filter_045,0.759792
air_conditioner_filter_046,0.751422
air_conditioner_filter_047,0.749595
air_conditioner_filter_048,0.760245
air_conditioner_filter_049,0.755956
air_conditioner_filter_050,0.756933
air_conditioner_filter_051,0.760222
air_conditioner_filter_052,0.757372
air_conditioner_filter_053,0.761648
air_conditioner_filter_054,0.762408
air_conditioner_filter_055,0.761884
air_conditioner_filter_056,0.756922
air_conditioner_filter_057,0.762547
air_conditioner_filter_058,0.766107
air_conditioner_filter_059,0.758543
air_conditioner_filter_060,0.760358
air_conditioner_filter_061,0.756149
air_conditioner_filter_062,0.762685
air_conditioner_filter_063,0.763701
air_conditioner_filter_064,0.765086
air_conditioner_filter_065,0.755336
air_conditioner_filter_066,0.762842
air_conditioner_filter_067,0.770382
air_conditioner_filter_068,0.752185
air_conditioner_filter_069,0.757664
air_conditioner_filter_070,0.753429
air_conditioner_filter_071,0.762229
air_conditioner_filter_072,0.755999
air_conditioner_filter_073,0.764777
air_conditioner_filter_074,0.756302
air_conditioner_filter_075,0.749499
air_conditioner_filter_076,0.764059
air_conditioner_filter_077,0.757414
air_conditioner_filter_078,0.764477
air_conditioner_filter_079,0.763753
air_conditioner_filter_080,0.770644
air_conditioner_filter_081,0.752087
air_conditioner_filter_082,0.749933
air_conditioner_filter_083,0.762445
air_conditioner_filter_084,0.765585
air_conditioner_filter_085,0.767396
air_conditioner_filter_086,0.749320
air_conditioner_filter_087,0.752635
air_conditioner_filter_088,0.760184
air_conditioner_filter_089,0.761249
air_conditioner_filter_090,0.756322
air_conditioner_filter_091,0.764713
air_conditioner_filter_092,0.749566
air_conditioner_filter_093,0.755515
air_conditioner_filter_094,0.770516
air_conditioner_filter_095,0.763917
air_conditioner_filter_096,0.762163
air_conditioner_filter_097,0.761607
air_conditioner_filter_098,0.754488
air_conditioner_filter_099,0.764353
air_conditioner_filter_100,0.761642
air_conditioner_filter_101,0.764262
air_conditioner_filter_102,0.752434
air_conditioner_filter_103,0.751771
air_conditioner_filter_104,0.765468
air_conditioner_filter_105,0.757631
air_conditioner_filter_106,0.776492
air_conditioner_filter_107,0.759968
air_conditioner_filter_108,0.760227
air_conditioner_filter_109,0.770293
air_conditioner_filter_110,0.761127
air_conditioner_filter_111,0.757133
air_conditioner_filter_112,0.761720
air_conditioner_filter_113,0.756656
air_conditioner_filter_114,0.768764
air_conditioner_filter_115,0.758484
air_conditioner_filter_116,0.771983
air_conditioner_filter_117,0.755762
air_conditioner_filter_118,0.756913
air_conditioner_filter_119,0.752935
air_conditioner_filter_120,0.743965
air_conditioner_filter_121,0.757452
air_conditioner_filter_122,0.751953
air_conditioner_filter_123,0.752443
air_conditioner_filter_124,0.774070
air_conditioner_filter_125,0.751666
air_conditioner_filter_126,0.762404
air_conditioner_filter_127,0.771398
air_conditioner_filter_128,0.761285
air_conditioner_filter_129,0.760406
air_conditioner_filter_130,0.752327
air_conditioner_filter_131,0.759491
air_conditioner_filter_132,0.762771
air_conditioner_filter_133,0.766311
air_conditioner_filter_134,0.762263
air_conditioner_filter_135,0.767879
air_conditioner_filter_136,0.751660
air_conditioner_filter_137,0.769966
air_conditioner_filter_138,0.751014
air_conditioner_filter_139,0.754894
air_conditioner_filter_140,0.750248
air_conditioner_filter_141,0.757831
air_conditioner_filter_142,0.758099
air_conditioner_filter_143,0.767571
air_conditioner_filter_144,0.756355
air_conditioner_filter_145,0.755817
air_conditioner_filter_146,0.764706
air_conditioner_filter_147,0.762675
air_conditioner_filter_148,0.758717
air_conditioner_filter_149,0.755135
air_conditioner_filter_150,0.770685
air_conditioner_filter_151,0.772544
air_conditioner_filter_152,0.751538
air_conditioner_filter_153,0.762279
air_conditioner_filter_154,0.756871
air_conditioner_filter_155,0.759675
air_conditioner_filter_156,0.760240
air_conditioner_filter_157,0.763423
air_conditioner_filter_158,0.757163
air_conditioner_filter_159,0.761789
air_conditioner_filter_160,0.756057
air_conditioner_filter_161,0.754448
air_conditioner_filter_162,0.770489
air_conditioner_filter_163,0.753628
air_conditioner_filter_164,0.754423
air_conditioner_filter_165,0.760670
air_conditioner_filter_166,0.758028
air_conditioner_filter_167,0.764655
air_conditioner_filter_168,0.761391
air_conditioner_filter_169,0.761097
air_conditioner_filter_170,0.748169
air_conditioner_filter_171,0.762653
air_conditioner_filter_172,0.761058
air_conditioner_filter_173,0.757755
air_conditioner_filter_174,0.767844
air_conditioner_filter_175,0.760017
air_conditioner_filter_176,0.758023
air_conditioner_filter_177,0.748844
air_conditioner_filter_178,0.764205
air_conditioner_filter_179,0.753905
air_conditioner_filter_180,0.767343
air_conditioner_filter_181,0.757323
air_conditioner_filter_182,0.761508
air_conditioner_filter_183,0.765434
air_conditioner_filter_184,0.762115
air_conditioner_filter_185,0.774298
air_conditioner_filter_186,0.759322
air_conditioner_filter_187,0.757768
air_conditioner_filter_188,0.758172
air_conditioner_filter_189,0.759203
air_conditioner_filter_190,0.748542
air_conditioner_filter_191,0.752533
air_conditioner_filter_192,0.765276
air_conditioner_filter_193,0.775191
air_conditioner_filter_194,0.762668
air_conditioner_filter_195,0.763959
air_conditioner_filter_196,0.761024
air_conditioner_filter_197,0.758053
air_conditioner_filter_198,0.755740
air_conditioner_filter_199,0.758001
air_conditioner_filter_200,0.768472
air_conditioner_filter_201,0.774753
air_conditioner_filter_202,0.766295
air_conditioner_filter_203,0.754974
air_conditioner_filter_204,0.759326
air_conditioner_filter_205,0.754906
air_conditioner_filter_206,0.760894
air_conditioner_filter_207,0.752455
air_conditioner_filter_208,0.766498
air_conditioner_filter_209,0.758715
air_conditioner_filter_210,0.758707
air_conditioner_filter_211,0.758367
air_conditioner_filter_212,0.766617
air_conditioner_filter_213,0.766143
air_conditioner_filter_214,0.756568
air_conditioner_filter_215,0.758194
air_conditioner_filter_216,0.760857
air_conditioner_filter_217,0.758803
air_conditioner_filter_218,0.765043
air_conditioner_filter_219,0.751251
air_conditioner_filter_220,0.757099
air_conditioner_filter_221,0.751816
air_conditioner_filter_222,0.753207
air_conditioner_filter_223,0.764937
air_conditioner_filter_224,0.768363
air_conditioner_filter_225,0.761287
air_conditioner_filter_226,0.752476
air_conditioner_filter_227,0.756281
air_conditioner_filter_228,0.755797
air_conditioner_filter_229,0.761216
battery_piece_000,0.792773
battery_piece_001,0.788245
battery_piece_002,0.776468
battery_piece_003,0.780382
battery_piece_004,0.773624
battery_piece_005,0.781565
battery_piece_006,0.780355
battery_piece_007,0.768796
battery_piece_008,0.769712
battery_piece_009,0.779091
battery_piece_010,0.779590
battery_piece_011,0.780445
battery_piece_012,0.778861
battery_piece_013,0.770439
battery_piece_014,0.788785
battery_piece_015,0.794671
battery_piece_016,0.782883
battery_piece_017,0.775489
battery_piece_018,0.787252
battery_piece_019,0.783266
battery_piece_020,0.777864
battery_piece_021,0.775175
battery_piece_022,0.784464
battery_piece_023,0.776334
battery_piece_024,0.780704
battery_piece_025,0.769361
battery_piece_026,0.785061
battery_piece_027,0.788064
battery_piece_028,0.794283
battery_piece_029,0.786797
battery_piece_030,0.773767
battery_piece_031,0.779770
battery_piece_032,0.782698
battery_piece_033,0.778600
battery_piece_034,0.772885
battery_piece_035,0.769979
battery_piece_036,0.772592
battery_piece_037,0.786175
battery_piece_038,0.775895
battery_piece_039,0.789814
battery_piece_040,0.785423
battery_piece_041,0.784651
battery_piece_042,0.781171
battery_piece_043,0.786942
battery_piece_044,0.769568
battery_piece_045,0.774061
battery_piece_046,0.774192
battery_piece_047,0.772645
battery_piece_048,0.786361
battery_piece_049,0.785043
battery_piece_050,0.779332
battery_piece_051,0.775548
battery_piece_052,0.777806
battery_piece_053,0.782622
battery_piece_054,0.773007
battery_piece_055,0.781332
battery_piece_056,0.781834
battery_piece_057,0.786409
battery_piece_058,0.776491
battery_piece_059,0.779339
battery_piece_060,0.776690
battery_piece_061,0.790858
battery_piece_062,0.779608
battery_piece_063,0.777147
battery_piece_064,0.778159
battery_piece_065,0.771739
battery_piece_066,0.768244
battery_piece_067,0.769269
battery_piece_068,0.775009
battery_piece_069,0.770876
battery_piece_070,0.775548
battery_piece_071,0.773277
battery_piece_072,0.770843
battery_piece_073,0.778553
battery_piece_074,0.783840
battery_piece_075,0.777719
battery_piece_076,0.787115
battery_piece_077,0.776543
battery_piece_078,0.780284
battery_piece_079,0.786798
battery_piece_080,0.758932
battery_piece_081,0.767202
battery_piece_082,0.783341
battery_piece_083,0.777833
battery_piece_084,0.776020
battery_piece_085,0.783439
battery_piece_086,0.776406
battery_piece_087,0.781634
battery_piece_088,0.778090
battery_piece_089,0.779747
battery_piece_090,0.774869
battery_piece_091,0.772356
battery_piece_092,0.777063
battery_piece_093,0.795636
battery_piece_094,0.775036
battery_piece_095,0.766698
battery_piece_096,0.778880
battery_piece_097,0.794778
battery_piece_098,0.774590
battery_piece_099,0.772287
battery_piece_100,0.779358
battery_piece_101,0.779944
battery_piece_102,0.772851
battery_piece_103,0.783651
battery_piece_104,0.781061
battery_piece_105,0.775249
battery_tab2_000,0.772964
battery_tab2_001,0.773734
battery_tab2_002,0.779864
battery_tab2_003,0.770556
battery_tab2_004,0.786133
battery_tab2_005,0.778113
battery_tab2_006,0.765430
battery_tab2_007,0.780081
battery_tab2_008,0.773739
battery_tab2_009,0.768690
battery_tab2_010,0.777235
battery_tab2_011,0.769831
battery_tab2_012,0.780331
battery_tab2_013,0.772134
battery_tab2_014,0.773121
battery_tab2_015,0.774887
battery_tab2_016,0.768923
battery_tab2_017,0.777979
battery_tab2_018,0.773683
battery_tab2_019,0.778036
battery_tab2_020,0.775448
battery_tab2_021,0.784060
battery_tab2_022,0.781739
battery_tab2_023,0.768114
battery_tab2_024,0.766398
battery_tab2_025,0.785554
battery_tab2_026,0.785137
battery_tab2_027,0.780806
battery_tab2_028,0.784289
battery_tab2_029,0.779617
battery_tab2_030,0.782766
battery_tab2_031,0.765011
battery_tab2_032,0.777000
battery_tab2_033,0.772223
battery_tab2_034,0.768795
battery_tab2_035,0.770825
battery_tab2_036,0.781067
battery_tab2_037,0.772163
battery_tab2_038,0.792370
battery_tab2_039,0.774196
battery_tab2_040,0.780717
battery_tab2_041,0.785210
battery_tab2_042,0.775010
battery_tab2_043,0.774112
battery_tab2_044,0.783645
battery_tab2_045,0.773085
battery_tab2_046,0.774095
battery_tab2_047,0.774941
battery_tab2_048,0.779552
battery_tab2_049,0.783070
battery_tab2_050,0.781884
battery_tab2_051,0.776696
battery_tab2_052,0.777211
battery_tab2_053,0.785118
battery_tab2_054,0.782760
battery_tab2_055,0.778610
battery_tab2_056,0.775864
battery_tab2_057,0.781501
battery_tab2_058,0.767103
battery_tab2_059,0.768023
battery_tab2_060,0.780323
battery_tab2_061,0.767418
battery_tab2_062,0.777834
battery_tab2_063,0.783572
battery_tab2_064,0.771854
battery_tab2_065,0.777114
battery_tab2_066,0.771526
battery_tab2_067,0.781720
battery_tab2_068,0.785603
battery_tab2_069,0.788047
battery_tab2_070,0.776345
battery_tab2_071,0.784157
battery_tab2_072,0.789765
battery_tab2_073,0.779062
battery_tab2_074,0.774687
battery_tab2_075,0.766834
battery_tab2_076,0.774741
battery_tab2_077,0.778421
battery_tab2_078,0.765530
battery_tab2_079,0.785092
battery_tab2_080,0.775988
battery_tab2_081,0.772565
battery_tab2_082,0.776060
battery_tab2_083,0.774152
battery_tab2_084,0.781359
battery_tab2_085,0.774308
battery_tab2_086,0.774821
battery_tab2_087,0.775541
button1_000,0.778021
button1_001,0.768380
button1_002,0.777561
button1_003,0.772731
button1_004,0.776680
button1_005,0.779912
button1_006,0.770742
button1_007,0.771760
button1_008,0.776028
button1_009,0.773053
button1_010,0.776260
button1_011,0.770349
button1_012,0.768724
button1_013,0.778456
button1_014,0.772228
button1_015,0.772785
button1_016,0.771695
button1_017,0.767402
button1_018,0.785256
button1_019,0.768761
button1_020,0.778651
button1_021,0.766765
button1_022,0.786243
button1_023,0.771309
button1_024,0.769008
button1_025,0.775977
button1_026,0.770982
button1_027,0.762317
button1_028,0.770344
button1_029,0.763966
button1_030,0.767052
button1_031,0.773899
button1_032,0.775117
button1_033,0.769955
button1_034,0.764933
button1_035,0.784658
button1_036,0.774364
button1_037,0.772500
button1_038,0.769136
button1_039,0.788226
button1_040,0.767490
button1_041,0.766873
button1_042,0.766256
button1_043,0.786625
button1_044,0.780982
button1_045,0.774749
button1_046,0.768464
button1_047,0.774612
button1_048,0.768135
button1_049,0.775468
button1_050,0.762414
capacitor1_000,0.754989
capacitor1_001,0.756951
capacitor1_002,0.767912
capacitor1_003,0.762374
capacitor1_004,0.765839
capacitor1_005,0.761448
capacitor1_006,0.759156
capacitor1_007,0.758639
capacitor1_008,0.767128
capacitor1_009,0.773837
capacitor1_010,0.762829
capacitor1_011,0.761150
capacitor1_012,0.760481
capacitor1_013,0.758717
capacitor1_014,0.758188
capacitor1_015,0.762082
capacitor1_016,0.763940
capacitor1_017,0.759837
capacitor1_018,0.755253
capacitor1_019,0.759222
capacitor1_020,0.759120
capacitor1_021,0.768405
capacitor1_022,0.769511
capacitor1_023,0.774208
capacitor1_024,0.754047
capacitor1_025,0.757874
capacitor1_026,0.765007
capacitor1_027,0.759103
capacitor1_028,0.759219
capacitor1_029,0.765336
capacitor1_030,0.760036
capacitor1_031,0.767147
capacitor1_032,0.770984
capacitor1_033,0.753503
capacitor1_034,0.755322
capacitor1_035,0.764399
capacitor1_036,0.759748
capacitor1_037,0.770176
capacitor1_038,0.760429
capacitor1_039,0.761270
capacitor1_040,0.770274
capacitor1_041,0.761784
capacitor1_042,0.752498
capacitor1_043,0.754268
capacitor1_044,0.763382
capacitor1_045,0.769245
capacitor1_046,0.765388
capacitor1_047,0.750408
capacitor1_048,0.762983
capacitor1_049,0.756574
capacitor1_050,0.773542
capacitor1_051,0.757276
capacitor1_052,0.758539
capacitor1_053,0.758533
capacitor1_054,0.758204
capacitor1_055,0.757744
capacitor1_056,0.756957
capacitor1_057,0.757355
capacitor1_058,0.758815
capacitor3_000,0.767604
capacitor3_001,0.782063
capacitor3_002,0.777224
capacitor3_003,0.776307
capacitor3_004,0.768900
capacitor3_005,0.770338
capacitor3_006,0.768903
capacitor3_007,0.778029
capacitor3_008,0.771006
capacitor3_009,0.762724
capacitor3_010,0.771391
capacitor3_011,0.771320
capacitor3_012,0.767227
capacitor3_013,0.766383
capacitor3_014,0.775340
capacitor3_015,0.778176
capacitor3_016,0.779103
capacitor3_017,0.776794
capacitor3_018,0.775507
capacitor3_019,0.783631
capacitor3_020,0.765894
capacitor3_021,0.789291
capacitor3_022,0.775145
capacitor3_023,0.770619
capacitor3_024,0.785181
capacitor3_025,0.774740
capacitor3_026,0.784346
capacitor3_027,0.767817
capacitor3_028,0.778991
capacitor3_029,0.790465
capacitor3_030,0.778083
capacitor3_031,0.771555
capacitor3_032,0.772276
capacitor3_033,0.774955
capacitor3_034,0.768623
capacitor3_035,0.770994
capacitor3_036,0.772002
capacitor3_037,0.773758
capacitor3_038,0.764788
capacitor3_039,0.771791
capacitor3_040,0.781137
capacitor3_041,0.763172
capacitor3_042,0.772176
capacitor3_043,0.776480
capacitor3_044,0.764218
capacitor3_045,0.772147
capacitor3_046,0.767557
capacitor3_047,0.780327
capacitor3_048,0.774932
capacitor3_049,0.765771
capacitor3_050,0.777443
capacitor3_051,0.769542
ceramic_wafer_000,0.795286
ceramic_wafer_001,0.793265
ceramic_wafer_002,0.800627
ceramic_wafer_003,0.805681
ceramic_wafer_004,0.798037
ceramic_wafer_005,0.797164
ceramic_wafer_006,0.790620
ceramic_wafer_007,0.791039
ceramic_wafer_008,0.797297
ceramic_wafer_009,0.792192
ceramic_wafer_010,0.798980
ceramic_wafer_011,0.789908
ceramic_wafer_012,0.800460
ceramic_wafer_013,0.796460
ceramic_wafer_014,0.797989
ceramic_wafer_015,0.797263
ceramic_wafer_016,0.794485
ceramic_wafer_017,0.799395
ceramic_wafer_018,0.797675
ceramic_wafer_019,0.796040
ceramic_wafer_020,0.788379
ceramic_wafer_021,0.796311
ceramic_wafer_022,0.796901
ceramic_wafer_023,0.795264
ceramic_wafer_024,0.788276
ceramic_wafer_025,0.818622
ceramic_wafer_026,0.797119
ceramic_wafer_027,0.791615
ceramic_wafer_028,0.803128
ceramic_wafer_029,0.792100
ceramic_wafer_030,0.810978
ceramic_wafer_031,0.797237
ceramic_wafer_032,0.801201
ceramic_wafer_033,0.788055
ceramic_wafer_034,0.783311
ceramic_wafer_035,0.790786
ceramic_wafer_036,0.799451
ceramic_wafer_037,0.788665
ceramic_wafer_038,0.795073
ceramic_wafer_039,0.794670
ceramic_wafer_040,0.786340
ceramic_wafer_041,0.796598
ceramic_wafer_042,0.796925
ceramic_wafer_043,0.803320
ceramic_wafer_044,0.789664
ceramic_wafer_045,0.800436
ceramic_wafer_046,0.797837
ceramic_wafer_047,0.792244
ceramic_wafer_048,0.791540
ceramic_wafer_049,0.787252
ceramic_wafer_050,0.808319
ceramic_wafer_051,0.798379
ceramic_wafer_052,0.797583
ceramic_wafer_053,0.790189
ceramic_wafer_054,0.792387
ceramic_wafer_055,0.797346
ceramic_wafer_056,0.790751
ceramic_wafer_057,0.793033
ceramic_wafer_058,0.786103
ceramic_wafer_059,0.792986
ceramic_wafer_060,0.795579
ceramic_wafer_061,0.802619
ceramic_wafer_062,0.792236
ceramic_wafer_063,0.795496
ceramic_wafer_064,0.792264
ceramic_wafer_065,0.792931
ceramic_wafer_066,0.802262
ceramic_wafer_067,0.787821
ceramic_wafer_068,0.788741
ceramic_wafer_069,0.798332
ceramic_wafer_070,0.793046
ceramic_wafer_071,0.795185
ceramic_wafer_072,0.798504
ceramic_wafer_073,0.802282
ceramic_wafer_074,0.799924
ceramic_wafer_075,0.787762
ceramic_wafer_076,0.804250
ceramic_wafer_077,0.791355
ceramic_wafer_078,0.793606
ceramic_wafer_079,0.803082
ceramic_wafer_080,0.793099
ceramic_wafer_081,0.792910
ceramic_wafer_082,0.797476
ceramic_wafer_083,0.795516
ceramic_wafer_084,0.792148
ceramic_wafer_085,0.796669
ceramic_wafer_086,0.791434
ceramic_wafer_087,0.812808
ceramic_wafer_088,0.790731
ceramic_wafer_089,0.796420
ceramic_wafer_090,0.793471
ceramic_wafer_091,0.798805
ceramic_wafer_092,0.793069
ceramic_wafer_093,0.794479
ceramic_wafer_094,0.801978
ceramic_wafer_095,0.788606
ceramic_wafer_096,0.803215
ceramic_wafer_097,0.786243
ceramic_wafer_098,0.797282
ceramic_wafer_099,0.796741
ceramic_wafer_100,0.791641
ceramic_wafer_101,0.788512
ceramic_wafer_102,0.795698
ceramic_wafer_103,0.793119
ceramic_wafer_104,0.791462
ceramic_wafer_105,0.789634
ceramic_wafer_106,0.810888
ceramic_wafer_107,0.799947
ceramic_wafer_108,0.793974
ceramic_wafer_109,0.791386
ceramic_wafer_110,0.785401
ceramic_wafer_111,0.789659
ceramic_wafer_112,0.792241
ceramic_wafer_113,0.791928
ceramic_wafer_114,0.798867
ceramic_wafer_115,0.800534
ceramic_wafer_116,0.792981
ceramic_wafer_117,0.792536
ceramic_wafer_118,0.792893
ceramic_wafer_119,0.795839
ceramic_wafer_120,0.795662
ceramic_wafer_121,0.803807
ceramic_wafer_122,0.790649
ceramic_wafer_123,0.798718
ceramic_wafer_124,0.798360
ceramic_wafer_125,0.791944
ceramic_wafer_126,0.799932
ceramic_wafer_127,0.799719
ceramic_wafer_128,0.795874
ceramic_wafer_129,0.798471
ceramic_wafer_130,0.786297
ceramic_wafer_131,0.788917
ceramic_wafer_132,0.799767
ceramic_wafer_133,0.789798
ceramic_wafer_134,0.795825
ceramic_wafer_135,0.794534
ceramic_wafer_136,0.785504
ceramic_wafer_137,0.794433
ceramic_wafer_138,0.799435
ceramic_wafer_139,0.791848
ceramic_wafer_140,0.796020
ceramic_wafer_141,0.791405
ceramic_wafer_142,0.792356
ceramic_wafer_143,0.806361
character_string_000,0.712707
character_string_001,0.732233
character_string_002,0.733775
character_string_003,0.736211
character_string_004,0.734566
character_string_005,0.723965
character_string_006,0.726818
character_string_007,0.729107
character_string_008,0.717281
character_string_009,0.711556
character_string_010,0.705529
character_string_011,0.729424
character_string_012,0.724135
character_string_013,0.722833
character_string_014,0.731879
character_string_015,0.732782
character_string_016,0.723858
character_string_017,0.696990
character_string_018,0.734256
character_string_019,0.734434
character_string_020,0.732718
character_string_021,0.732254
character_string_022,0.721427
character_string_023,0.723642
character_string_024,0.738678
character_string_025,0.722654
character_string_026,0.728580
character_string_027,0.717293
character_string_028,0.722434
character_string_029,0.740788
character_string_030,0.721724
character_string_031,0.725548
character_string_032,0.730831
character_string_033,0.731243
character_string_034,0.736080
character_string_035,0.732246
character_string_036,0.724443
character_string_037,0.722707
character_string_038,0.701134
character_string_039,0.724862
character_string_040,0.731399
character_string_041,0.732666
character_string_042,0.716488
character_string_043,0.726341
character_string_044,0.729620
character_string_045,0.727760
character_string_046,0.705379
character_string_047,0.724716
character_string_048,0.725794
character_string_049,0.719932
character_string_050,0.721956
character_string_051,0.725272
character_string_052,0.731888
character_string_053,0.717861
character_string_054,0.732312
character_string_055,0.725991
character_string_056,0.723192
character_string_057,0.722364
character_string_058,0.732802
character_string_059,0.727331
character_string_060,0.750589
character_string_061,0.734922
character_string_062,0.734117
character_string_063,0.727013
character_string_064,0.736825
character_string_065,0.727418
character_string_066,0.723377
character_string_067,0.725936
character_string_068,0.746265
character_string_069,0.736713
character_string_070,0.722851
character_string_071,0.737641
character_string_072,0.728692
character_string_073,0.720990
character_string_074,0.732228
character_string_075,0.724131
character_string_076,0.733708
character_string_077,0.722537
character_string_078,0.722896
character_string_079,0.732865
character_string_080,0.731852
character_string_081,0.720456
character_string_082,0.718742
character_string_083,0.729192
character_string_084,0.739673
character_string_085,0.722417
character_string_086,0.732975
character_string_087,0.725234
character_string_088,0.730339
character_string_089,0.726007
character_string_090,0.731150
character_string_091,0.740635
character_string_092,0.723283
character_string_093,0.727446
character_string_094,0.728537
character_string_095,0.729478
character_string_096,0.729579
character_string_097,0.720039
character_string_098,0.744158
character_string_099,0.727184
character_string_100,0.725240
character_string_101,0.727959
character_string_102,0.726346
character_string_103,0.721680
character_string_104,0.739921
character_string_105,0.736611
character_string_106,0.719417
character_string_107,0.725475
character_string_108,0.741918
character_string_109,0.719122
character_string_110,0.730311
character_string_111,0.728974
character_string_112,0.727832
character_string_113,0.711011
character_string_114,0.725717
character_string_115,0.731315
character_string_116,0.719585
character_string_117,0.748320
character_string_118,0.724177
character_string_119,0.726391
character_string_120,0.721558
character_string_121,0.725532
character_string_122,0.730508
character_string_123,0.724651
character_string_124,0.708255
character_string_125,0.726623
character_string_126,0.725456
character_string_127,0.730477
character_string_128,0.723117
character_string_129,0.736905
character_string_130,0.735531
character_string_131,0.731055
character_string_132,0.729857
character_string_133,0.737975
character_string_134,0.731669
character_string_135,0.728382
character_string_136,0.727847
character_string_137,0.730786
character_string_138,0.732180
character_string_139,0.735816
character_string_140,0.727115
character_string_141,0.714749
character_string_142,0.731121
character_string_143,0.722447
character_string_144,0.729585
character_string_145,0.743113
character_string_146,0.723663
character_string_147,0.722598
character_string_148,0.722918
character_string_149,0.714333
character_string_150,0.730019
character_string_151,0.714898
character_string_152,0.726743
character_string_153,0.735966
character_string_154,0.720466
character_string_155,0.721782
character_string_156,0.734892
character_string_157,0.729324
character_string_158,0.720467
character_string_159,0.737767
character_string_160,0.731833
character_string_161,0.725114
character_string_162,0.726761
character_string_163,0.733451
character_string_164,0.719810
character_string_165,0.729774
character_string_166,0.726113
character_string_167,0.727411
character_string_168,0.734007
character_string_169,0.725826
character_string_170,0.737642
character_string_171,0.723131
character_string_172,0.742740
character_string_173,0.731396
character_string_174,0.725358
character_string_175,0.725263
character_string_176,0.726556
character_string_177,0.723745
character_string_178,0.723162
character_string_179,0.726286
character_string_180,0.723090
character_string_181,0.734491
character_string_182,0.729205
character_string_183,0.731539
character_string_184,0.720962
character_string_185,0.727090
character_string_186,0.726732
character_string_187,0.727961
character_string_188,0.730126
character_string_189,0.723213
character_string_190,0.724774
character_string_191,0.723955
character_string_192,0.726994
character_string_193,0.726831
character_string_194,0.736940
character_string_195,0.728230
character_string_196,0.732152
character_string_197,0.740554
character_string_198,0.737460
character_string_199,0.725862
character_string_200,0.727062
character_string_201,0.738483
character_string_202,0.730257
character_string_203,0.728783
character_string_204,0.719878
character_string_205,0.729082
character_string_206,0.732617
character_string_207,0.729051
character_string_208,0.732130
character_string_209,0.723853
character_string_210,0.734320
character_string_211,0.730612
character_string_212,0.720297
character_string_213,0.724461
character_string_214,0.721879
character_string_215,0.730433
character_string_216,0.725216
character_string_217,0.729305
character_string_218,0.714815
character_string_219,0.731131
character_string_220,0.732682
character_string_221,0.730469
character_string_222,0.726355
character_string_223,0.735857
character_string_224,0.718892
character_string_225,0.729458
character_string_226,0.729409
character_string_227,0.728929
character_string_228,0.726742
character_string_229,0.735137
character_string_230,0.725979
character_string_231,0.727569
character_string_232,0.715193
character_string_233,0.721751
character_string_234,0.730762
character_string_235,0.723365
character_string_236,0.725211
character_string_237,0.747548
character_string_238,0.716241
character_string_239,0.723016
character_string_240,0.732456
character_string_241,0.731604
character_string_242,0.728009
character_string_243,0.724844
character_string_244,0.728521
character_string_245,0.726999
character_string_246,0.739592
character_string_247,0.728192
character_string_248,0.712007
character_string_249,0.717904
character_string_250,0.729358
character_string_251,0.724951
character_string_252,0.728191
character_string_253,0.728499
character_string_254,0.726956
character_string_255,0.731420
character_string_256,0.723421
character_string_257,0.731036
character_string_258,0.715478
character_string_259,0.717191
character_string_260,0.731483
character_string_261,0.723825
character_string_262,0.731620
character_string_263,0.725308
character_string_264,0.719810
character_string_265,0.728410
character_string_266,0.732859
character_string_267,0.725828
character_string_268,0.727446
character_string_269,0.735427
character_string_270,0.733112
character_string_271,0.720817
character_string_272,0.729335
character_string_273,0.722813
character_string_274,0.740341
character_string_275,0.726462
character_string_276,0.737219
character_string_277,0.730099
character_string_278,0.728438
character_string_279,0.733127
chip1_000,0.773135
chip1_001,0.782697
chip1_002,0.780813
chip1_003,0.775921
chip1_004,0.786501
chip1_005,0.780110
chip1_006,0.770575
chip1_007,0.784284
chip1_008,0.798714
chip1_009,0.775208
chip1_010,0.780229
chip1_011,0.786429
chip1_012,0.774212
chip1_013,0.787735
chip1_014,0.780280
chip1_015,0.780183
chip1_016,0.780363
chip1_017,0.786225
chip1_018,0.797021
chip1_019,0.786236
chip1_020,0.781046
chip1_021,0.771864
chip1_022,0.785371
chip1_023,0.780101
chip1_024,0.777134
chip1_025,0.773454
chip1_026,0.776293
chip1_027,0.778642
chip1_028,0.786016
chip1_029,0.777804
chip1_030,0.779423
chip1_031,0.780606
chip1_032,0.779168
chip1_033,0.783154
chip1_034,0.783706
chip1_035,0.775531
chip1_036,0.771813
chip1_037,0.773627
chip1_038,0.769027
chip1_039,0.783118
chip1_040,0.784541
chip1_041,0.775398
chip1_042,0.785465
chip1_043,0.775195
chip1_044,0.788583
chip1_045,0.772008
chip1_046,0.786279
chip1_047,0.778821
chip1_048,0.784623
chip1_049,0.779575
chip1_050,0.780806
chip1_051,0.792572
chip1_052,0.785580
chip1_053,0.777964
chip1_054,0.790624
chip1_055,0.774404
chip1_056,0.776017
chip1_057,0.772985
chip1_058,0.772263
chip1_059,0.781721
chip1_060,0.783510
chip1_061,0.780462
chip1_062,0.791362
chip1_063,0.788372
chip1_064,0.778564
chip1_065,0.778084
chip1_066,0.784311
chip1_067,0.777411
chip1_068,0.774386
chip1_069,0.779942
chip1_070,0.780079
chip1_071,0.776578
chip1_072,0.783036
chip1_073,0.778723
chip1_074,0.781380
chip1_075,0.774081
chip1_076,0.787026
chip1_077,0.790209
chip1_078,0.777302
chip1_079,0.783280
chip1_080,0.782809
chip1_081,0.778808
chip1_082,0.776925
chip1_083,0.777835
chip1_084,0.782039
chip1_085,0.776392
chip1_086,0.775554
chip1_087,0.775559
chip1_088,0.775158
chip1_089,0.780455
chip1_090,0.778582
chip1_091,0.777798
chip1_092,0.779717
chip1_093,0.785754
chip1_094,0.780549
chip1_095,0.781635
chip1_096,0.781613
chip1_097,0.782509
chip1_098,0.780313
chip1_099,0.774491
chip1_100,0.788912
chip1_101,0.782895
chip1_102,0.777638
chip1_103,0.784579
chip1_104,0.780204
chip1_105,0.788723
chip1_106,0.793387
chip1_107,0.778389
chip1_108,0.775787
chip1_109,0.771473
chip1_110,0.776421
chip1_111,0.791124
chip1_112,0.782717
chip1_113,0.784852
chip1_114,0.776394
chip1_115,0.782412
chip1_116,0.777995
chip1_117,0.775713
cloth3_000,0.792714
cloth3_001,0.815567
cloth3_002,0.796669
cloth3_003,0.799764
cloth3_004,0.801737
cloth3_005,0.803637
cloth3_006,0.802216
cloth3_007,0.807667
cloth3_008,0.817365
cloth3_009,0.803586
coffee_cup_lid1_000,0.817042
coffee_cup_lid1_001,0.803318
coffee_cup_lid1_002,0.802689
coffee_cup_lid1_003,0.802539
coffee_cup_lid1_004,0.805643
coffee_cup_lid1_005,0.794068
coffee_cup_lid1_006,0.799368
coffee_cup_lid1_007,0.798576
coffee_cup_lid1_008,0.804789
coffee_cup_lid1_009,0.811954
coffee_cup_lid1_010,0.810356
coffee_cup_lid1_011,0.800785
coffee_cup_lid1_012,0.818450
coffee_cup_lid1_013,0.804771
coffee_cup_lid1_014,0.807322
coffee_cup_lid1_015,0.799149
coffee_cup_lid1_016,0.807595
coffee_cup_lid1_017,0.812109
coffee_cup_lid1_018,0.801518
coffee_cup_lid1_019,0.798824
coffee_cup_lid1_020,0.802941
coffee_cup_lid1_021,0.795949
coffee_cup_lid1_022,0.821871
coffee_cup_lid1_023,0.811388
coffee_cup_lid1_024,0.811194
coffee_cup_lid1_025,0.802870
coffee_cup_lid1_026,0.809027
coffee_cup_lid1_027,0.804311
coffee_cup_lid1_028,0.803624
coffee_cup_lid1_029,0.806867
coffee_cup_lid1_030,0.796435
coffee_cup_lid1_031,0.806754
coffee_cup_lid1_032,0.805383
coffee_cup_lid1_033,0.807663
coffee_cup_lid1_034,0.799401
coffee_cup_lid1_035,0.803398
coffee_cup_lid1_036,0.799189
coffee_cup_lid1_037,0.801742
coffee_cup_lid1_038,0.802004
coffee_cup_lid1_039,0.796536
coffee_cup_lid1_040,0.801520
coffee_cup_lid1_041,0.810706
coffee_cup_lid1_042,0.810626
coffee_cup_lid1_043,0.796898
coffee_cup_lid1_044,0.804648
coffee_cup_lid1_045,0.801676
coffee_cup_lid1_046,0.809304
coffee_cup_lid1_047,0.802052
coffee_cup_lid1_048,0.806152
coffee_cup_lid1_049,0.801166
coffee_cup_lid1_050,0.804073
coffee_cup_lid1_051,0.794566
coffee_cup_lid1_052,0.811954
coffee_cup_lid1_053,0.802944
coffee_cup_lid1_054,0.806729
coffee_cup_lid1_055,0.808394
coffee_cup_lid1_056,0.798919
coffee_cup_lid1_057,0.805903
coffee_cup_lid1_058,0.807194
coffee_cup_lid1_059,0.812767
coffee_cup_lid1_060,0.794781
coffee_cup_lid1_061,0.800815
coffee_cup_lid1_062,0.800415
coffee_cup_lid1_063,0.803310
coffee_cup_lid1_064,0.795929
coffee_cup_lid1_065,0.812295
coffee_cup_lid1_066,0.806377
coffee_cup_lid1_067,0.809777
coffee_cup_lid1_068,0.815120
coffee_cup_lid1_069,0.796106
coffee_cup_lid1_070,0.802805
coffee_cup_lid1_071,0.815284
coffee_cup_lid1_072,0.807149
coffee_cup_lid1_073,0.803662
coffee_cup_lid1_074,0.804562
coffee_cup_lid1_075,0.800003
coffee_cup_lid1_076,0.805696
coffee_cup_lid1_077,0.806265
coffee_cup_lid1_078,0.804235
coffee_cup_lid1_079,0.806667
coffee_cup_lid1_080,0.808991
dumplings2_000,0.786816
dumplings2_001,0.780960
dumplings2_002,0.789367
dumplings2_003,0.782161
dumplings2_004,0.786730
dumplings2_005,0.783822
dumplings2_006,0.781336
dumplings2_007,0.781504
dumplings2_008,0.782845
dumplings2_009,0.786982
dumplings2_010,0.787113
dumplings2_011,0.782379
dumplings2_012,0.785091
dumplings2_013,0.786209
dumplings2_014,0.785637
dumplings2_015,0.786157
dumplings2_016,0.789868
dumplings2_017,0.785932
dumplings2_018,0.777847
dumplings2_019,0.797620
dumplings2_020,0.787195
dumplings2_021,0.787547
dumplings2_022,0.782131
dumplings2_023,0.780239
dumplings2_024,0.773056
dumplings2_025,0.779562
dumplings2_026,0.778432
dumplings2_027,0.783028
dumplings2_028,0.780772
dumplings2_029,0.790074
dumplings2_030,0.786604
dumplings2_031,0.779205
dumplings2_032,0.782018
dumplings2_033,0.787265
dumplings2_034,0.784200
dumplings2_035,0.783628
dumplings2_036,0.769880
dumplings2_037,0.783269
dumplings2_038,0.784728
dumplings2_039,0.781750
dumplings2_040,0.783232
dumplings2_041,0.781635
dumplings2_042,0.794986
dumplings2_043,0.793255
dumplings2_044,0.793735
dumplings2_045,0.778455
dumplings2_046,0.783572
dumplings2_047,0.794511
dumplings2_048,0.789956
dumplings2_049,0.787962
dumplings2_050,0.784713
dumplings2_051,0.786239
dumplings2_052,0.800980
dumplings2_053,0.788979
dumplings2_054,0.798002
dumplings2_055,0.780570
dumplings2_056,0.779170
dumplings2_057,0.800700
dumplings2_058,0.775580
dumplings2_059,0.791215
dumplings2_060,0.776680
dumplings2_061,0.777392
dumplings2_062,0.788624
dumplings2_063,0.778805
dumplings2_064,0.780605
dumplings2_065,0.790462
dumplings2_066,0.788084
dumplings2_067,0.797053
dumplings2_068,0.788596
dumplings2_069,0.789061
dumplings2_070,0.786426
dumplings2_071,0.792123
dumplings2_072,0.780527
dumplings2_073,0.785399
dumplings2_074,0.787665
dumplings2_075,0.779033
dumplings2_076,0.789908
dumplings2_077,0.787932
dumplings2_078,0.784752
dumplings2_079,0.786586
dumplings2_080,0.784088
dumplings2_081,0.782427
dumplings2_082,0.794131
dumplings2_083,0.788844
dumplings2_084,0.782831
dumplings2_085,0.779019
dumplings2_086,0.783571
dumplings2_087,0.778136
dumplings2_088,0.785083
dumplings2_089,0.795628
dumplings2_090,0.777400
dumplings2_091,0.784982
dumplings2_092,0.791871
dumplings2_093,0.773223
dumplings2_094,0.775237
dumplings2_095,0.779336
dumplings2_096,0.775372
dumplings2_097,0.781675
dumplings2_098,0.791679
dumplings2_099,0.778127
dumplings2_100,0.782565
dumplings2_101,0.785605
dumplings2_102,0.779745
dumplings2_103,0.784408
dumplings2_104,0.776295
dumplings2_105,0.782918
dumplings2_106,0.784748
dumplings2_107,0.785042
dumplings2_108,0.790211
dumplings2_109,0.785221
dumplings2_110,0.791941
dumplings2_111,0.789060
dumplings2_112,0.783094
dumplings2_113,0.783859
dumplings2_114,0.788097
dumplings2_115,0.786088
dumplings2_116,0.791287
ice_cream_stick_000,0.807048
ice_cream_stick_001,0.808015
ice_cream_stick_002,0.796475
ice_cream_stick_003,0.803783
ice_cream_stick_004,0.798841
ice_cream_stick_005,0.803727
ice_cream_stick_006,0.808038
ice_cream_stick_007,0.796872
ice_cream_stick_008,0.807086
ice_cream_stick_009,0.804517
ice_cream_stick_010,0.806739
ice_cream_stick_011,0.794423
ice_cream_stick_012,0.792556
ice_cream_stick_013,0.809409
ice_cream_stick_014,0.795493
ice_cream_stick_015,0.805896
ice_cream_stick_016,0.792701
ice_cream_stick_017,0.799600
ice_cream_stick_018,0.808961
ice_cream_stick_019,0.797249
ice_cream_stick_020,0.795839
ice_cream_stick_021,0.793161
ice_cream_stick_022,0.788065
ice_cream_stick_023,0.806994
ice_cream_stick_024,0.781327
ice_cream_stick_025,0.803407
ice_cream_stick_026,0.795671
ice_cream_stick_027,0.803512
ice_cream_stick_028,0.801584
infusion_bottle_bottom5_000,0.785694
infusion_bottle_bottom5_001,0.778957
infusion_bottle_bottom5_002,0.784982
infusion_bottle_bottom5_003,0.789772
infusion_bottle_bottom5_004,0.777686
infusion_bottle_bottom5_005,0.787566
infusion_bottle_bottom5_006,0.788812
infusion_bottle_bottom5_007,0.776044
infusion_bottle_bottom5_008,0.787062
infusion_bottle_bottom5_009,0.793020
infusion_bottle_bottom5_010,0.790372
infusion_bottle_bottom5_011,0.777160
infusion_bottle_bottom5_012,0.808100
infusion_bottle_bottom5_013,0.778466
infusion_bottle_bottom5_014,0.786154
infusion_bottle_bottom5_015,0.790964
infusion_bottle_bottom5_016,0.793188
infusion_bottle_bottom5_017,0.778290
infusion_bottle_bottom5_018,0.783225
infusion_bottle_bottom5_019,0.783831
infusion_bottle_bottom5_020,0.778418
infusion_bottle_bottom5_021,0.792252
infusion_bottle_bottom5_022,0.780779
infusion_bottle_bottom5_023,0.791052
infusion_bottle_bottom5_024,0.801236
infusion_bottle_bottom5_025,0.785348
infusion_bottle_bottom5_026,0.780012
infusion_bottle_bottom5_027,0.788716
infusion_bottle_bottom5_028,0.786952
infusion_bottle_bottom5_029,0.788898
infusion_bottle_bottom5_030,0.788224
infusion_bottle_bottom5_031,0.800912
infusion_bottle_bottom5_032,0.785417
infusion_bottle_bottom5_033,0.790789
infusion_bottle_bottom5_034,0.778768
infusion_bottle_bottom5_035,0.789477
infusion_bottle_bottom5_036,0.778034
infusion_bottle_bottom5_037,0.791726
infusion_bottle_bottom5_038,0.796415
infusion_bottle_bottom5_039,0.781590
infusion_bottle_bottom5_040,0.790891
infusion_bottle_bottom5_041,0.785646
infusion_bottle_bottom5_042,0.799419
infusion_bottle_bottom5_043,0.795781
infusion_bottle_bottom5_044,0.797181
infusion_bottle_bottom5_045,0.787373
infusion_bottle_bottom5_046,0.781254
infusion_bottle_bottom5_047,0.790180
infusion_bottle_bottom5_048,0.785157
infusion_pipe_interface2_000,0.754040
infusion_pipe_interface2_001,0.758501
infusion_pipe_interface2_002,0.749400
infusion_pipe_interface2_003,0.755063
infusion_pipe_interface2_004,0.756280
infusion_pipe_interface2_005,0.752662
infusion_pipe_interface2_006,0.759096
infusion_pipe_interface2_007,0.751574
infusion_pipe_interface2_008,0.746404
infusion_pipe_interface2_009,0.752046
infusion_pipe_interface2_010,0.751780
infusion_pipe_interface2_011,0.762272
infusion_pipe_interface2_012,0.756273
infusion_pipe_interface2_013,0.746182
infusion_pipe_interface2_014,0.745444
infusion_pipe_interface2_015,0.750726
infusion_pipe_interface2_016,0.760954
infusion_pipe_interface2_017,0.747547
infusion_pipe_interface2_018,0.763549
infusion_pipe_interface2_019,0.749808
infusion_pipe_interface2_020,0.748929
infusion_pipe_interface2_021,0.754496
infusion_pipe_interface2_022,0.753487
infusion_pipe_interface2_023,0.758665
infusion_pipe_interface2_024,0.749796
infusion_pipe_interface2_025,0.755041
infusion_pipe_interface2_026,0.770269
infusion_pipe_interface2_027,0.760040
infusion_pipe_interface2_028,0.748066
infusion_pipe_interface2_029,0.757055
infusion_pipe_interface2_030,0.768262
infusion_pipe_interface2_031,0.758154
infusion_pipe_interface2_032,0.750149
infusion_pipe_interface2_033,0.754272
iron_lattice_000,0.732843
iron_lattice_001,0.727105
iron_lattice_002,0.737929
iron_lattice_003,0.740472
iron_lattice_004,0.739758
iron_lattice_005,0.729565
iron_lattice_006,0.741651
iron_lattice_007,0.732586
iron_lattice_008,0.736913
iron_lattice_009,0.736384
iron_lattice_010,0.727086
iron_lattice_011,0.732010
iron_lattice_012,0.731304
iron_lattice_013,0.725145
iron_lattice_014,0.740208
iron_lattice_015,0.736117
iron_lattice_016,0.744973
iron_lattice_017,0.729636
iron_lattice_018,0.737305
iron_lattice_019,0.730217
iron_lattice_020,0.737200
iron_lattice_021,0.735517
iron_lattice_022,0.733020
iron_lattice_023,0.744097
iron_lattice_024,0.746720
iron_lattice_025,0.748052
iron_lattice_026,0.739144
iron_lattice_027,0.732891
iron_lattice_028,0.730101
iron_lattice_029,0.740253
iron_lattice_030,0.750196
iron_lattice_031,0.737842
iron_lattice_032,0.730009
iron_lattice_033,0.725779
iron_lattice_034,0.732288
iron_lattice_035,0.739930
iron_lattice_036,0.737754
iron_lattice_037,0.734651
iron_lattice_038,0.724224
iron_lattice_039,0.729668
iron_lattice_040,0.752501
iron_lattice_041,0.722283
iron_lattice_042,0.732971
iron_lattice_043,0.730323
iron_lattice_044,0.718947
led_000,0.773739
led_001,0.777671
led_002,0.772646
led_003,0.777849
led_004,0.774731
led_005,0.776402
led_006,0.770953
led_007,0.780053
led_008,0.767441
led_009,0.773452
led_010,0.778921
led_011,0.771301
led_012,0.773457
led_013,0.777344
led_014,0.778419
led_015,0.799531
led_016,0.781057
led_017,0.779358
led_018,0.777160
led_019,0.786255
led_020,0.774592
led_021,0.775046
led_022,0.772804
led_023,0.771713
led_024,0.774160
led_025,0.769366
led_026,0.768087
led_027,0.776624
led_028,0.772960
led_029,0.785682
led_030,0.775520
led_031,0.778389
led_032,0.776318
led_033,0.770310
led_034,0.769809
led_035,0.773386
led_036,0.775315
led_037,0.777072
led_038,0.776350
led_039,0.773344
led_040,0.770574
led_041,0.775520
led_042,0.776155
led_043,0.775036
led_044,0.784620
led_045,0.776494
led_046,0.780022
led_047,0.784272
led_048,0.778930
led_049,0.778776
led_050,0.781850
led_051,0.791207
led_052,0.773455
lunch_box_lid_000,0.788983
lunch_box_lid_001,0.787524
lunch_box_lid_002,0.789517
lunch_box_lid_003,0.792075
lunch_box_lid_004,0.790401
lunch_box_lid_005,0.775630
lunch_box_lid_006,0.788107
lunch_box_lid_007,0.786274
lunch_box_lid_008,0.792938
lunch_box_lid_009,0.786284
lunch_box_lid_010,0.789513
lunch_box_lid_011,0.788150
nameplate7_000,0.830377
nameplate7_001,0.832433
nameplate7_002,0.827278
nameplate7_003,0.830417
nameplate7_004,0.830291
nameplate7_005,0.827289
remote_control_000,0.757618
remote_control_001,0.757943
remote_control_002,0.748863
remote_control_003,0.758789
remote_control_004,0.752896
remote_control_005,0.762360
remote_control_006,0.766724
remote_control_007,0.762177
remote_control_008,0.759732
remote_control_009,0.763692
remote_control_010,0.781320
remote_control_011,0.766920
remote_control_012,0.771118
remote_control_013,0.771015
remote_control_014,0.756549
remote_control_015,0.760682
remote_control_016,0.753892
remote_control_017,0.755895
remote_control_018,0.751381
remote_control_019,0.766549
remote_control_020,0.767273
remote_control_021,0.771969
remote_control_022,0.750459
remote_control_023,0.742640
remote_control_024,0.759098
remote_control_025,0.766201
remote_control_026,0.750755
remote_control_027,0.768193
remote_control_028,0.764608
remote_control_029,0.752656
remote_control_030,0.757604
remote_control_031,0.759255
remote_control_032,0.761446
remote_control_033,0.765347
remote_control_034,0.757812
remote_control_035,0.754840
remote_control_036,0.754233
remote_control_037,0.761386
remote_control_038,0.775288
remote_control_039,0.757553
remote_control_040,0.759794
remote_control_041,0.760884
remote_control_042,0.769005
remote_control_043,0.763681
remote_control_044,0.759567
remote_control_045,0.750303
remote_control_046,0.757403
remote_control_047,0.765681
remote_control_048,0.757081
remote_control_049,0.757036
remote_control_050,0.749792
remote_control_051,0.754862
remote_control_052,0.766563
remote_control_053,0.753376
resistance13_000,0.758195
resistance13_001,0.771018
resistance13_002,0.763990
resistance13_003,0.749958
resistance13_004,0.748862
resistance13_005,0.758795
resistance13_006,0.760230
resistance13_007,0.760557
resistance13_008,0.753741
resistance13_009,0.762551
resistance13_010,0.766619
resistance13_011,0.757035
resistance13_012,0.756998
resistance13_013,0.755222
resistance13_014,0.746771
resistance13_015,0.761327
resistance13_016,0.756716
resistance13_017,0.754957
resistance13_018,0.757342
resistance13_019,0.766047
resistance13_020,0.745467
resistance13_021,0.752101
resistance13_022,0.755373
screw_thread_000,0.800192
screw_thread_001,0.800605
screw_thread_002,0.799991
screw_thread_003,0.821500
screw_thread_004,0.795957
screw_thread_005,0.796430
screw_thread_006,0.804266
screw_thread_007,0.794057
screw_thread_008,0.803723
screw_thread_009,0.815773
screw_thread_010,0.799790
screw_thread_011,0.799163
screw_thread_012,0.796733
screw_thread_013,0.803497
screw_thread_014,0.796151
screw_thread_015,0.806181
screw_thread_016,0.808878
screw_thread_017,0.798776
screw_thread_018,0.805072
screw_thread_019,0.805148
screw_thread_020,0.794143
screw_thread_021,0.800789
screw_thread_022,0.802231
silicon_piece1_000,0.793582
silicon_piece1_001,0.798904
silicon_piece1_002,0.782182
silicon_piece1_003,0.791331
silicon_piece1_004,0.789139
silicon_piece1_005,0.779724
silicon_piece1_006,0.792592
silicon_piece1_007,0.785584
silicon_piece1_008,0.784672
silicon_piece1_009,0.779121
silicon_piece1_010,0.785860
silicon_piece1_011,0.787607
silicon_piece1_012,0.779883
silicon_piece1_013,0.780883
silicon_piece1_014,0.778069
silicon_piece1_015,0.788380
silicon_piece1_016,0.788279
silicon_piece1_017,0.782522
silicon_piece1_018,0.778854
silicon_piece1_019,0.784566
silicon_piece1_020,0.786264
silicon_piece1_021,0.785146
silicon_piece1_022,0.785638
silicon_piece1_023,0.781901
silicon_piece1_024,0.783185
silicon_piece1_025,0.782363
silicon_piece1_026,0.775758
silicon_piece1_027,0.762701
silicon_piece1_028,0.783208
silicon_piece1_029,0.770460
silicon_piece1_030,0.778461
silicon_piece1_031,0.770974
silicon_piece1_032,0.774961
silicon_piece1_033,0.775552
silicon_piece1_034,0.770433
silicon_piece1_035,0.774536
silicon_piece1_036,0.782378
silicon_piece1_037,0.779666
silicon_piece1_038,0.780375
silicon_piece1_039,0.783423
silicon_piece1_040,0.787091
silicon_piece1_041,0.781019
silicon_piece1_042,0.792220
silicon_piece1_043,0.786035
solar_panel_000,0.752921
solar_panel_001,0.750420
solar_panel_002,0.752367
solar_panel_003,0.756034
solar_panel_004,0.750697
solar_panel_005,0.746206
solar_panel_006,0.758436
solar_panel_007,0.752311
solar_panel_008,0.751625
solar_panel_009,0.752364
solar_panel_010,0.752812
solar_panel_011,0.755083
solar_panel_012,0.754772
solar_panel_013,0.756001
solar_panel_014,0.764095
solar_panel_015,0.771756
solar_panel_016,0.756859
solar_panel_017,0.759514
solar_panel_018,0.756786
solar_panel_019,0.764473
solar_panel_020,0.750441
solar_panel_021,0.758475
solar_panel_022,0.762008
solar_panel_023,0.756332
solar_panel_024,0.753477
solar_panel_025,0.753649
solar_panel_026,0.753312
solar_panel_027,0.751702
solar_panel_028,0.755626
solar_panel_029,0.763291
spindle_top_000,0.789045
spindle_top_001,0.786069
spindle_top_002,0.791288
spindle_top_003,0.779522
spindle_top_004,0.786813
spindle_top_005,0.777205
spindle_top_006,0.775942
spindle_top_007,0.785218
spindle_top_008,0.791858
spindle_top_009,0.791682
spindle_top_010,0.790666
spindle_top_011,0.779650
spindle_top_012,0.793754
spindle_top_013,0.781276
spindle_top_014,0.775972
spindle_top_015,0.785333
spindle_top_016,0.788160
spindle_top_017,0.784959
spindle_top_018,0.781601
spindle_top_019,0.784944
wafer2_000,0.771383
wafer2_001,0.761112
wafer2_002,0.758004
wafer2_003,0.771026
wafer2_004,0.763357
wafer2_005,0.762948
wafer2_006,0.761943
wafer2_007,0.763245
wafer2_008,0.762605
wafer2_009,0.769216
wafer2_010,0.760021
wafer2_011,0.774506
wafer2_012,0.763729
wafer2_013,0.756642
wafer2_014,0.760943
wafer2_015,0.764672
wafer2_016,0.759342
wafer2_017,0.768345
wafer2_018,0.762729
wafer2_019,0.756408
wafer2_020,0.771276
wafer2_021,0.764647
wafer2_022,0.772774
webbing_000,0.839936
webbing_001,0.832729
webbing_002,0.856549
webbing_003,0.839701
webbing_004,0.839191
webbing_005,0.844851
webbing_006,0.850397
webbing_007,0.850397
webbing_008,0.850397
webbing_009,0.850397
webbing_010,0.850397
webbing_011,0.850397
webbing_012,0.850397
webbing_013,0.850397
webbing_014,0.850397
webbing_015,0.850397
webbing_016,0.850397
webbing_017,0.850397
webbing_018,0.850397
work_piece12_000,0.843896
work_piece12_001,0.835807
work_piece12_002,0.830791
work_piece12_003,0.825608
work_piece12_004,0.851961
work_piece12_005,0.818490
work_piece12_006,0.833988
work_piece12_007,0.830555
work_piece12_008,0.826286
work_piece12_009,0.841618
work_piece12_010,0.837075
work_piece12_011,0.832012
work_piece12_012,0.838676
work_piece12_013,0.834366
work_piece12_014,0.839263
work_piece12_015,0.834458
work_piece12_016,0.823225
work_piece12_017,0.835911
work_piece12_018,0.843862
work_piece12_019,0.823503
work_piece12_020,0.838320
work_piece12_021,0.835674
work_piece12_022,0.837852
work_piece12_023,0.824449
work_piece12_024,0.831458
work_piece12_025,0.827185
work_piece12_026,0.828442
work_piece12_027,0.843244
work_piece12_028,0.831284
work_piece12_029,0.840977
work_piece12_030,0.829052
work_piece12_031,0.834275
work_piece12_032,0.833472
work_piece12_033,0.830355
work_piece12_034,0.823893
work_piece14_000,0.747378
work_piece14_001,0.750181
work_piece14_002,0.748205
work_piece14_003,0.744056
work_piece14_004,0.761109
work_piece14_005,0.760398
work_piece14_006,0.739088
work_piece14_007,0.753076
work_piece14_008,0.744997
work_piece14_009,0.743950
work_piece14_010,0.740508
work_piece14_011,0.746076
work_piece14_012,0.743872
work_piece14_013,0.741824
work_piece14_014,0.739404
work_piece14_015,0.749018
work_piece14_016,0.753148
work_piece14_017,0.750407
work_piece14_018,0.755371
work_piece14_019,0.752619
work_piece14_020,0.746452
work_piece14_021,0.735905
work_piece14_022,0.745647
work_piece14_023,0.737775
work_piece14_024,0.743225
work_piece14_025,0.758305
work_piece14_026,0.746172
work_piece14_027,0.748087
work_piece14_028,0.739027
work_piece14_029,0.739836
work_piece14_030,0.743517
work_piece14_031,0.736522
work_piece14_032,0.749441
work_piece14_033,0.744598
work_piece14_034,0.745274
work_piece14_035,0.743492
work_piece14_036,0.747592
work_piece14_037,0.740580
work_piece14_038,0.749267
work_piece14_039,0.747096
work_piece14_040,0.739972
work_piece14_041,0.763617
work_piece14_042,0.754784
work_piece14_043,0.753706
work_piece14_044,0.742239
work_piece14_045,0.749857
work_piece14_046,0.749539
work_piece14_047,0.752276
work_piece14_048,0.747430
work_piece14_049,0.761200
work_piece14_050,0.743580
work_piece14_051,0.744119
work_piece14_052,0.753611
work_piece14_053,0.752100
work_piece14_054,0.749361
work_piece14_055,0.745746
work_piece14_056,0.757265
work_piece14_057,0.755537
work_piece14_058,0.744994
work_piece14_059,0.757292
work_piece14_060,0.749238
work_piece14_061,0.741593
work_piece14_062,0.753746
work_piece14_063,0.740378
work_piece14_064,0.747307
work_piece14_065,0.754605
work_piece14_066,0.745905
work_piece14_067,0.742280
work_piece14_068,0.746125
work_piece14_069,0.746239
work_piece14_070,0.756579
work_piece14_071,0.744928
work_piece14_072,0.753241
work_piece14_073,0.745185
work_piece14_074,0.756019
work_piece14_075,0.750600
work_piece14_076,0.748255
work_piece14_077,0.753655
work_piece14_078,0.744389
work_piece14_079,0.745307
work_piece14_080,0.748479
work_piece14_081,0.745772
work_piece14_082,0.750170
work_piece14_083,0.759723
work_piece14_084,0.742758
work_piece14_085,0.733960
work_piece14_086,0.748964
work_piece14_087,0.745030
work_piece14_088,0.743520
work_piece14_089,0.761692
work_piece14_090,0.737718
work_piece14_091,0.745695
work_piece14_092,0.753692
work_piece14_093,0.751937
work_piece14_094,0.745407
work_piece14_095,0.738985
work_piece14_096,0.740498
work_piece14_097,0.740272
work_piece14_098,0.752048
work_piece14_099,0.737419
work_piece14_100,0.743557
work_piece14_101,0.745889
work_piece14_102,0.763603
work_piece14_103,0.746190
work_piece14_104,0.750550
work_piece14_105,0.742680
work_piece14_106,0.744404
work_piece14_107,0.747997
work_piece14_108,0.746757
work_piece14_109,0.747728
work_piece14_110,0.737088
work_piece14_111,0.750461
work_piece14_112,0.747482
work_piece14_113,0.759224
work_piece14_114,0.746454
work_piece14_115,0.738400
work_piece14_116,0.746977
work_piece14_117,0.756917
work_piece14_118,0.743110
work_piece14_119,0.743943
work_piece14_120,0.741442
work_piece14_121,0.747730
work_piece14_122,0.737282
work_piece14_123,0.748246
work_piece7_000,0.745379
work_piece7_001,0.740922
work_piece7_002,0.749683
work_piece7_003,0.747163
work_piece7_004,0.740414
work_piece7_005,0.752884
work_piece7_006,0.742380
work_piece7_007,0.763788
work_piece7_008,0.745958
work_piece7_009,0.747218
work_piece7_010,0.756807
work_piece7_011,0.749610
work_piece7_012,0.745648
work_piece7_013,0.747179
work_piece7_014,0.751401
work_piece7_015,0.747863
work_piece7_016,0.746353
work_piece7_017,0.755183
work_piece7_018,0.753605
work_piece7_019,0.748157
work_piece7_020,0.754344
work_piece7_021,0.763282
work_piece7_022,0.751644
work_piece7_023,0.752968
work_piece7_024,0.752513
work_piece7_025,0.762131
work_piece7_026,0.761992
work_piece7_027,0.762445
work_piece7_028,0.743199
work_piece7_029,0.744040
work_piece7_030,0.744848
work_piece7_031,0.751441
work_piece7_032,0.757760
work_piece7_033,0.743746
work_piece7_034,0.742585
work_piece7_035,0.747788
work_piece7_036,0.758213
work_piece7_037,0.753875
work_piece7_038,0.757595
work_piece7_039,0.749885
work_piece7_040,0.756389
work_piece7_041,0.745733
work_piece7_042,0.749376
work_piece7_043,0.752724
work_piece7_044,0.741968
work_piece7_045,0.756617
work_piece7_046,0.765601
work_piece7_047,0.758707
work_piece7_048,0.746328
work_piece7_049,0.761214
work_piece7_050,0.759518
work_piece7_051,0.745436
work_piece7_052,0.750318
work_piece7_053,0.750579
work_piece7_054,0.758586
work_piece7_055,0.751244
work_piece7_056,0.755661
work_piece7_057,0.750396
work_piece7_058,0.755856
work_piece7_059,0.750216
work_piece7_060,0.739820
work_piece7_061,0.744246
work_piece7_062,0.760293
work_piece7_063,0.746334
work_piece7_064,0.762365
work_piece7_065,0.756471
work_piece7_066,0.754742
work_piece7_067,0.749932
work_piece7_068,0.748070
work_piece7_069,0.754024
work_piece7_070,0.753004
work_piece7_071,0.746925
work_piece7_072,0.740584
work_piece7_073,0.768918
work_piece7_074,0.748498
work_piece7_075,0.755580
work_piece7_076,0.754395
work_piece7_077,0.764991
work_piece7_078,0.757224
work_piece7_079,0.752175
work_piece7_080,0.753822
work_piece7_081,0.790330
work_piece7_082,0.764720
work_piece7_083,0.756572
work_piece7_084,0.750299
work_piece7_085,0.746001
work_piece7_086,0.764543
work_piece7_087,0.742849
work_piece7_088,0.758855
work_piece7_089,0.760790
work_piece7_090,0.747694
work_piece7_091,0.759563
work_piece7_092,0.749913
work_piece7_093,0.755021
work_piece7_094,0.758884
work_piece7_095,0.760465
work_piece7_096,0.767179
work_piece7_097,0.763066
work_piece7_098,0.758318
work_piece7_099,0.756653
work_piece7_100,0.761407
work_piece7_101,0.762490
work_piece7_102,0.757065
work_piece7_103,0.752432
work_piece7_104,0.760737
work_piece7_105,0.763987
work_piece7_106,0.750841
work_piece7_107,0.745624
work_piece7_108,0.765455
work_piece7_109,0.747403
work_piece7_110,0.761619
work_piece7_111,0.750395
work_piece7_112,0.764550
work_piece7_113,0.747620
work_piece7_114,0.762966
work_piece7_115,0.757004
work_piece7_116,0.752969
work_piece7_117,0.765858
work_piece7_118,0.757785
work_piece7_119,0.760026
work_piece7_120,0.762748
work_piece7_121,0.765458
work_piece7_122,0.756476
work_piece7_123,0.752076
work_piece7_124,0.765070
work_piece7_125,0.762168
work_piece7_126,0.752494
work_piece7_127,0.763703
work_piece7_128,0.766085
work_piece7_129,0.751266
work_piece7_130,0.761929
work_piece7_131,0.754580
work_piece7_132,0.760402
work_piece7_133,0.773273
work_piece7_134,0.747220
work_piece7_135,0.757757
work_piece7_136,0.752516
work_piece7_137,0.744451
work_piece7_138,0.754970
work_piece7_139,0.756726
work_piece7_140,0.757164
work_piece7_141,0.740832
work_piece7_142,0.762303
work_piece7_143,0.758553
work_piece7_144,0.747552
work_piece7_145,0.756236
work_piece7_146,0.747683
work_piece7_147,0.753625
work_piece7_148,0.752497
work_piece7_149,0.750374
work_piece7_150,0.754813
work_piece7_151,0.761398
work_piece7_152,0.764608
work_piece7_153,0.772868
work_piece7_154,0.755728
work_piece7_155,0.754063
work_piece7_156,0.763170
work_piece7_157,0.749544
work_piece7_158,0.754054
work_piece7_159,0.750241
work_piece7_160,0.751020
work_piece7_161,0.759284
work_piece7_162,0.751208
work_piece7_163,0.758980
work_piece7_164,0.759050
work_piece7_165,0.759512
work_piece7_166,0.759522
work_piece7_167,0.750914
work_piece7_168,0.772111
work_piece7_169,0.755130
work_piece7_170,0.757862
work_piece7_171,0.752007
work_piece7_172,0.779019
work_piece7_173,0.754044
work_piece7_174,0.768570
work_piece7_175,0.767047
work_piece7_176,0.752970
work_piece7_177,0.757050
work_piece7_178,0.753136
work_piece7_179,0.754094
work_piece7_180,0.760138
work_piece7_181,0.741668
work_piece7_182,0.752254
work_piece7_183,0.753113
work_piece7_184,0.758810
work_piece7_185,0.752690
work_piece7_186,0.738431
work_piece7_187,0.758308
work_piece7_188,0.754165
work_piece7_189,0.748971
work_piece7_190,0.748398
work_piece7_191,0.758560
work_piece7_192,0.745793
work_piece7_193,0.746452
work_piece7_194,0.755641
work_piece7_195,0.754670
work_piece7_196,0.750730
work_piece7_197,0.747431
work_piece7_198,0.769321
work_piece7_199,0.767774
work_piece7_200,0.756280
work_piece7_201,0.753266
work_piece7_202,0.757826
work_piece7_203,0.763139
work_piece7_204,0.760095
work_piece7_205,0.751128
work_piece7_206,0.750811
work_piece7_207,0.745946
work_piece7_208,0.750559
work_piece7_209,0.759580
work_piece7_210,0.770591
work_piece7_211,0.749826
work_piece7_212,0.750105
work_piece7_213,0.751005
work_piece7_214,0.754106
work_piece7_215,0.754201
work_piece7_216,0.755569
work_piece7_217,0.758211
work_piece7_218,0.756332
work_piece7_219,0.752582
work_piece7_220,0.749330
work_piece7_221,0.750446
work_piece7_222,0.756720
work_piece7_223,0.758903
work_piece7_224,0.757438
work_piece7_225,0.749515
work_piece7_226,0.743470
work_piece7_227,0.759581
work_piece7_228,0.759411
work_piece7_229,0.751697
work_piece7_230,0.745524
work_piece7_231,0.748960
work_piece7_232,0.743180
work_piece7_233,0.751159
work_piece7_234,0.754496
work_piece7_235,0.749439
work_piece7_236,0.742819
work_piece7_237,0.754373
work_piece7_238,0.753608
work_piece7_239,0.753653
work_piece7_240,0.745119
work_piece7_241,0.752514
work_piece7_242,0.753172
work_piece7_243,0.761695
work_piece7_244,0.760077
work_piece7_245,0.756012
work_piece7_246,0.739576
work_piece7_247,0.764949
work_piece7_248,0.751655
work_piece7_249,0.749150
work_piece7_250,0.752020
work_piece7_251,0.749497
work_piece7_252,0.739038
work_piece7_253,0.755142
work_piece7_254,0.757324
work_piece7_255,0.757242
work_piece7_256,0.746104
work_piece7_257,0.750268
work_piece7_258,0.754695
work_piece7_259,0.748315
work_piece7_260,0.752519
work_piece7_261,0.758016
work_piece7_262,0.759245
work_piece7_263,0.756216
work_piece7_264,0.743859
work_piece7_265,0.744447
work_piece7_266,0.759356
work_piece7_267,0.749985
work_piece7_268,0.751761
work_piece7_269,0.748160
work_piece7_270,0.758252
work_piece7_271,0.744426
work_piece7_272,0.755049
work_piece7_273,0.757145
work_piece7_274,0.742412
work_piece7_275,0.749102
work_piece7_276,0.743684
work_piece7_277,0.744864
work_piece7_278,0.751761
work_piece7_279,0.758485
work_piece7_280,0.742265
work_piece7_281,0.757830
work_piece7_282,0.750863
work_piece7_283,0.748993
work_piece7_284,0.755765
work_piece7_285,0.747359
work_piece7_286,0.757373
work_piece7_287,0.763041
work_piece7_288,0.742914
work_piece7_289,0.759802
work_piece7_290,0.766099
work_piece7_291,0.758252
work_piece7_292,0.756035
